monthly_income,savings_amount,credit_score,available_credit_limit,avg_session_minutes,weekly_logins,feature_click_count,app_open_count,satisfaction_rating,positive_review_score,recommend_likelihood,support_experience_score,account_age_months,total_purchases,loyalty_points,referral_count,device_type_score,browser_version_score,timezone_offset_score,screen_resolution_score,signup_channel_score,marketing_email_opens,page_load_time_score,weather_at_signup_score,Churn
4786.740380212156,2159.6001878747397,607.8710283063265,3063.3100089874265,26.30963484798459,10.194117783195653,40.54353530751498,18.356645332960838,5.899535544302126,61.08492691007865,4.983418873930252,4.408084801354348,33.92548848981137,14.034041102353044,572.7013092138719,3.021422567945687,49.413909104026885,63.97802463152887,49.188649830788066,54.51738760077853,73.70243560237888,47.679185104785596,52.953648827888344,44.19483818238433,1
3620.108630340143,2071.773044845464,570.5999550430561,3234.4196602085144,9.368386571706488,5.3662463872193324,25.88990707662524,7.009581215629962,8.900714518898276,89.38393741010134,8.686584236886846,7.810730489483689,17.15181257740071,8.677670487281944,372.3217250483465,0.9891875284063025,51.629604162037715,67.70151681004573,55.789934453147595,50.89458093583954,50.653898354778384,54.00831839958481,57.170492006259344,39.72602819455212,1
4827.805964981072,2713.5938782522758,659.9029309533555,3896.173419374407,21.740175058609367,9.230641605976045,37.02382711644425,14.187634926823254,6.251882558767948,66.74645344556201,8.016284330184856,6.3848784947205655,29.042246324211753,12.25709914765139,516.3081427392309,2.4621438193810086,63.94927960314883,40.84439419694455,53.648237380696784,51.82269593908703,45.035869319834475,67.1480165467171,34.644955792939314,29.16713292192892,0
5254.263364971093,3748.125359964156,697.9058664542047,4067.0912486340976,23.882273044298884,8.427971243718448,37.326772222913675,13.674794743243938,5.655138467162129,53.7633051671173,6.020128237768835,6.35586009972456,17.769692023039493,6.966851061350943,359.66149354776843,0.8540774785925747,42.7565499457829,46.195413414372744,53.39016929896458,48.95349097756904,64.0498186955566,49.893242494810536,47.583997981302566,66.20255929450539,1
5863.996800978223,4036.7203308425883,723.5725259862612,4458.747553688325,36.15786862390601,15.913721229624418,54.97861669935748,21.561041785524655,6.03777380013091,57.37971345881962,6.234576559863118,6.507518414643716,28.481513986425874,11.792010353517618,524.2927757667766,2.368422461658237,59.89332691195496,66.29119152769948,53.280155885403396,42.86858752120648,40.87267512199036,55.707886887217335,52.30351725537711,45.19014433087726,0
4815.041469006327,3125.539750232614,649.5273699238419,3989.8649191972054,19.475050811011407,6.502148094411234,35.74114140959297,12.270165640688845,8.18080092465136,82.32702520355991,8.076435702405199,6.831976041201034,22.159349377917877,8.669477796414144,358.00360312192043,1.6543052227721515,39.18843230240182,45.6767074377227,38.29452244778726,52.20520154049893,51.98111604749102,68.71881467013688,54.51272679696311,32.48423293991496,1
4364.000661299939,2408.74826079915,620.6718520768892,3675.8989541327455,24.570409561136206,9.40888288724551,37.152614027303144,12.933748840843823,7.993776091784141,86.65754939338528,8.253358212496156,7.620249648165349,16.51796424954123,7.878008587745929,358.0972845717697,1.1179823769580204,31.997512152352638,59.61184558501107,56.045887936431384,34.022259197022215,51.011817877755895,47.24827921986506,57.00268957063946,37.24657152154522,1
4278.013937763929,2300.8560867957176,622.780074213924,3534.650238659834,23.435454958105108,8.86697766801555,38.634368068695885,14.667480596411368,6.8212676622833675,73.21462919045081,7.543146718166543,6.974595115580647,26.83345199536094,10.672768761686505,496.1115056286013,1.5762531496386576,54.312465258481545,40.215931264395714,60.4207919412536,49.16279732674806,60.18312284780468,62.479670234274934,51.85885116336297,46.896523069049536,1
5468.9707052765525,3808.5549527866824,678.650729530252,4557.506493762917,22.414383592054673,8.491383215660813,34.771262656615846,12.069351124426841,8.004619740196214,91.00340383014954,7.888565208935249,8.622736710490315,34.6932220577143,20.67944054704746,769.2453051510015,3.9266396762034566,47.97104906232711,43.66599415290133,56.626666852450136,59.63413600161209,67.98588495016364,50.75215327768834,49.79577545610896,55.30753802719546,0
6691.148465011375,4172.869558571205,727.4894272573747,5307.033889401622,21.40300543997857,7.464715632432587,34.72519553782935,13.45173034582037,10.394405716433369,105.84974682346628,11.255784465714143,10.531648404373245,17.74695094274454,6.859767227096249,374.1203199879935,0.5794528415707054,45.743268711756684,52.601309614849974,49.36140251205153,60.978418438115426,54.112475625975414,60.41261597808489,59.86422588117206,48.518832564766065,0
5626.094208419103,3407.1906653228475,677.9173300748705,4339.7403155453585,28.234812658568845,10.732478245574038,36.443526506208656,16.830739130718523,6.090203213163116,63.49359188730109,6.831741836264867,6.961154222034126,19.548405428536945,6.96872125305405,435.96436853601057,1.8848087485304057,26.87852992266675,54.52141297560379,49.210254113084055,45.97022766156527,37.744013186838984,51.57401544691494,35.17468584609259,36.396921276669104,1
3502.2023722198755,1561.313122862511,593.3472020739158,2876.9396723221853,30.64856876720026,15.302612281848237,50.12658325501349,18.41486013389487,4.974283435451255,50.8898179168621,5.688780442521248,4.69205786291921,34.64722686528094,15.00911628696364,676.4087849332157,3.1674720690218776,54.45788850447172,35.5429536537214,51.92718449132283,70.37614522295843,37.381100480432224,59.957902939042555,45.85029318740223,64.09977917620466,1
4345.421842023927,2296.2092132690345,593.5684118789642,3265.3823123170955,27.242208423450133,12.446797387935671,46.492521874520804,15.215209550197885,4.651013557913858,53.39538437078712,5.954698737291853,5.361166854118856,23.373127241287083,11.086099725145356,455.19916104391507,2.040463598038717,46.195745241201685,39.50093702994215,50.63232809811636,54.02617549508693,45.71743593343589,42.984526390953235,57.29622442351818,52.05494961867683,1
6484.888320721935,4480.5629541087055,733.7157484879083,5030.8957175711,17.33878022755633,7.5509492747798195,32.48169341074702,11.473055485685471,4.357506876177043,40.27726634110995,5.662883606517034,4.637880792674541,39.98305780103889,17.74355816956645,765.1205136383387,3.558391518670426,39.02401668533137,55.11268855113828,33.507196332208466,46.53181978241134,58.73064572094923,45.570657475600974,49.58225258568947,65.03142324332025,0
5241.39101460678,3255.555811739673,630.9572095874246,4354.2007859745445,15.818264981853542,7.9572507079597425,29.601785024756882,11.036946208632212,5.284442978391632,61.20636616743678,5.918688169152706,6.528362370743589,26.498744878000128,12.81208388999597,522.5577371090839,1.8977310222407504,49.6070719392808,62.75747597237313,48.75769063748633,52.59934026284953,51.96963605565631,44.26744308962054,62.38998955222792,62.67932260092284,1
4058.6044723527284,1630.585928504103,572.8067744941011,2701.8912325886267,27.956474642404395,11.238394251349993,44.4124209110655,14.431175827512519,4.980188427885925,53.70729988863504,6.6249527138017195,5.69150980612257,24.625509788291637,11.268404026750344,534.8136714976935,2.2539126930999887,38.80826709692931,55.147406774481475,62.66689872036762,44.07354300999188,53.36454080727882,47.41036231621396,43.567542699740606,52.15256029307291,1
5225.643237204922,3176.383211908058,643.4547200588444,4149.328731499933,23.893427148990842,6.383997062662749,38.936379483110784,14.12415772923605,5.450559670220847,48.36893732743553,5.360779004561173,4.0074886645599985,27.999509476659192,11.409393866762887,545.9555315439122,1.8900455901855833,42.99311945282382,53.59679382808993,46.78684063905533,59.643853386124945,47.491794487853014,61.41019393359801,46.564200114258185,62.69059752312778,1
4034.8227052001826,1894.8579916443834,563.9040023154448,3214.5303860252066,21.623029060827275,8.252680856947588,32.79787168919023,12.859077574825905,8.398769763721438,76.12064750380814,8.281218744812382,8.414680611755202,40.907717692635345,18.307104845180106,741.197215165425,3.7394370042119203,42.56711491826896,54.35800092831275,44.77555470790481,41.54498965354538,64.18797710056528,54.77795192613907,56.66665162184554,48.245808503917225,1
4477.265481761079,2293.1956593327727,597.9098285337058,4029.9899249081072,16.707542367561167,5.617681391209345,20.04412773269976,7.839185886091339,3.059324067159487,30.78854488794664,3.196843038998317,3.636121190071005,29.597639810992103,13.422687441463157,599.4817556790728,2.145550481134381,60.36751582691146,37.80949738607637,56.217910074012735,43.87740872311004,39.31162299073536,57.084728426703784,68.19581549506242,59.74146138774496,1
4015.0340377170332,2649.9632954160925,609.2950428887982,3659.5220842581534,35.63960800793407,15.392967717006238,54.78449353410737,21.317678843597925,4.749193296806222,60.66361278848616,5.897575782170496,5.320130407284113,27.687291454806097,14.22119684877609,662.7892459270132,2.7166586669284367,49.49708720859849,53.96257934891297,50.99532087418227,39.41488793671246,69.90577267789178,48.31337432650945,37.35234380900008,33.113126767207554,0
4552.66047648572,2715.5370118333194,636.900979109479,3512.3460315056464,30.446382449656635,13.035357861141406,46.17212776970019,18.613439693224297,10.906400008450127,96.83707795834917,10.941357886654378,10.063611533778127,23.31820848083916,13.762089912902125,478.06028160371653,1.7657272638544097,63.46184561667876,58.991712692803674,43.13622556952484,42.83990551387497,62.626528996665925,51.391945412318535,33.16460432023197,31.188702947441815,0
5309.371512895774,3556.1590853917673,690.9857010185115,4376.23667619807,20.721164115217324,6.740939792551507,30.861616282024954,10.965042966539757,8.557536836298826,86.48304298027605,9.741665993008104,8.217245297481877,11.573007419407741,5.627813035768336,262.97091434210995,0.2561239274383648,42.48854321015101,55.95447431132909,51.89876597126381,48.11968562590084,57.65753408138421,54.69996252887741,38.22731953181474,38.408123994246345,1
4987.507246579045,2922.789570648139,625.8720600342241,3995.3967671344903,31.028827265819686,13.074193992577351,48.003447180907905,19.446032960940997,8.05151679072818,87.53057990489162,8.755660916932715,8.284369068343596,17.622624404985068,11.392998569424265,366.1917490115898,0.49893841902976765,38.64157304643778,38.33070975604343,67.29940776724926,69.59518689786505,50.39348161200664,54.089505475755296,37.81445151211018,54.54546378662093,0
4494.114786472529,2612.4710327901034,646.0910592690794,4074.0421725694587,33.059184575722846,12.719102627121202,54.7673567639575,21.630829052763463,8.265344472705154,73.11313948634255,7.331513218207332,7.478662320138071,35.70416010384222,16.68955412432759,724.8948167989175,3.7947984135283184,68.10908110103527,40.41501006059771,68.56756460946147,53.38773819830668,47.645623811740755,44.94486277728804,52.94506806718451,50.78146631430469,0
5610.682625302587,3443.5546998299374,693.0918398580862,4198.628057685879,7.99777065039765,1.2569692285085,17.386975510337358,5.5627721478590075,9.958497987910539,97.28919088580147,10.287926699407864,10.059937393694995,30.968824071632646,16.753475280098733,616.2547896927657,3.2460133695780495,36.73832848810368,61.20082043188094,51.749745640189126,62.755240880665724,50.59394101573639,46.62755007176937,59.7122571266581,42.12468642561732,0
6258.556502484977,3401.7016709867835,679.2989320636228,4420.526642353632,19.38661022985206,7.935407115374555,34.93443088945525,13.40780432282057,8.545506800387738,78.0608509113184,8.817108378655877,8.202012357680662,27.33604336246983,14.450641365077034,635.6981820924087,2.607260237799704,62.65495397547048,36.15059771439152,48.58160059743426,51.4491902675705,45.184935362030835,39.936213667284605,50.129007372571365,43.43915186271799,0
3769.146737150639,1072.4706097884705,518.6544358142825,2821.4667244471943,22.056655540927807,9.058614428420903,36.75301724052818,15.131537716857123,7.0853181199566695,72.61509784370733,7.213853991590699,7.050662811612742,28.71133937329094,16.079381205239784,528.8438554472016,2.4102267236935444,39.50899533271024,39.31850167168873,62.20893899664624,60.415313271758464,46.36924045759093,58.0351933999807,52.72020093828677,43.7582694021856,1
5089.7259512121445,2581.6791838696886,650.6869217404552,3962.1194488090196,28.045796506243423,13.081400759355926,43.58977670606257,18.373404150855396,4.98925662930188,43.01697388762983,4.765955136770852,4.106230624898822,23.21214464371175,10.37645616700307,495.8694921255476,1.5444065076231703,57.67126077328645,65.83078432572516,54.903475488423425,40.44422882295543,42.47882305885728,61.07587776224155,56.628457086419026,50.70142731470764,1
4058.2224924477027,1897.3933488231555,586.7761119733353,3129.8389252374714,24.214144276375976,9.44040312298821,38.074366168247664,14.313596094974008,6.968039909725766,70.17871142856958,6.336539943985071,7.097787521425698,29.99856106321162,10.761063822567138,499.0507457854916,2.6835253011099196,43.14003983550257,40.9814760365566,55.74055573681266,39.64906951573751,58.22351117952847,69.46585848367415,54.136847633963384,60.19786791722109,1
4959.015223095502,2748.351494976904,638.3776768511107,4044.6186089094517,22.63589421136988,8.72229676949478,44.83744796494492,14.860371845698413,5.334806249237197,60.96138021457854,7.230638202441499,5.355506626224214,20.05038741454794,8.00558563853526,346.7140267361682,1.2552018730559205,65.59340583027151,42.68251807881762,49.62496385527219,69.6075776963135,51.5944361042215,19.774008877158344,53.298115440416055,59.25217797292097,1
4033.373858224894,1715.9015611412672,570.9983829689568,3256.697183080247,24.357361369879104,10.616184905973622,39.20972303444685,14.271045038635835,5.415550550618107,70.14367268460542,5.947939222446433,5.144403161098197,29.749676510780652,14.677555219457041,577.6410734252587,2.829253641466427,70.25953851862727,56.38684031484254,37.236893321856215,54.69508869755131,55.01099692843615,58.85502673254693,52.709787288732265,47.537410516195045,1
4655.835051956456,2839.308766843695,670.531008756017,3991.5780415003264,36.28402526731809,15.621131206713802,54.22212950947095,23.008354034256687,6.233333342816387,58.212769980675574,6.432999251055524,5.82222543299586,21.451410688748698,9.11256562411749,404.328775349367,1.8089777835455791,60.97159171222545,57.84865531258304,35.78433559560207,35.11021272507568,43.25284175829344,56.209810548667896,61.76035635029479,49.268161697851774,1
5480.371648690278,3083.657600522728,670.69252535952,3933.3107732588896,38.86879942853419,18.0048927460625,53.92052935083632,23.785920023575798,6.181939923832508,66.68383544120934,6.935916705013937,6.976798390717176,26.099129746276223,9.598883226315628,470.1750816028306,1.8448148622173157,54.107394669476946,48.32594476870834,49.47182739423868,56.96754473954696,38.22026321825555,76.91688459959641,39.02755928666842,55.37027311992811,0
4545.949226142745,2795.3960710160236,645.7372376827033,3641.6000723707452,22.022880647086836,8.382899834155705,37.857354246385796,11.759647716276929,7.007859859785238,65.31705147057691,7.163379460502731,6.416231326783157,24.691457476469047,13.136875672803,567.4406523134387,2.428864407565568,46.94179068746127,35.67638539855115,39.34269961966575,48.911613232867566,41.327017405883836,45.906867385195866,45.40451340593251,38.80571619200815,0
3734.9252323916053,2173.6138773528223,590.0442346466256,3221.5957947344746,18.60751957365706,5.6382731953965175,30.818016615640552,12.060017170207091,8.545677383830895,72.18166485047243,9.64673012850805,8.668201528130936,20.70544760686748,11.004499865342826,470.58177754985593,1.4550169236022314,58.48536588696095,44.82197192134356,58.34502501478346,48.17735133827953,52.81968559758652,42.713401387531185,53.02069518236221,49.627429386363374,1
5055.207846561364,3072.830920774507,632.2419230221748,3574.713488113089,40.76282641033037,17.446657343091328,62.60139598828742,25.95302796868461,5.438980681286954,50.29986512825187,4.7132890194659645,3.9921133116888123,28.998299110130777,15.915951346760222,629.5008767296424,2.7181233103897626,71.63138310213066,51.630415442526555,59.644421178104764,59.16514562960337,38.745799994759224,52.61883028284752,77.44908267013365,55.37878531208396,0
4551.650519543642,2042.1462561381416,599.5431066424553,3488.213289261493,20.66592636503161,6.300473306648783,37.30802376000295,11.988962793337121,7.101270225624577,74.3009611271199,7.196878447882744,6.979496735738688,27.958752886723083,13.082676214342705,581.0109983314488,2.439753261230273,46.14183588798192,40.80267249107338,65.1050394919894,38.57744433815594,56.41696217741597,36.00916537843828,41.73042135915556,54.16303614792953,1
3603.1294824017987,1849.33149197447,551.2141185785674,3378.5393361698566,21.283933873392368,7.1542670928874115,38.41344119892931,11.307943340987272,10.27447202437076,99.60365383473177,10.122831654585271,10.702880370935674,29.156868542933054,13.485276230711984,502.1826754794703,2.241608043613099,39.32646785216123,40.24399279972063,51.41012668219714,63.18429275040797,41.04462392411618,36.359771313281875,58.197419075808526,45.15620096207025,1
5047.753050493034,3482.486392182265,681.5112905756357,4109.992648161594,23.69727226276556,9.494454028451809,35.98140132782668,16.474842999298964,7.874517946148551,70.47001449918282,6.701195113741893,7.010252174778322,29.64818323700722,16.17752624041167,657.6922487591813,3.570702209139815,68.55400549494775,62.500272117938565,69.86541406089243,53.49083001116584,45.96344189032097,56.13512168616671,42.98213782275535,41.51823015218849,0
4785.787116329263,1882.8417648661969,584.0777774619445,3223.5338977492383,26.31012338147203,10.904812937248414,43.43843070531778,18.309254430224883,8.91481888437639,88.09086924421766,9.00651109417555,8.674154476929559,13.977017595952198,4.678126456453643,348.53747886548183,0.9967130125013158,48.487045662929816,55.41047775807702,63.15015882285829,46.021656759202436,52.8312247004946,33.67977360780917,48.738882076527574,40.66794342658124,1
6081.64600309298,3590.699545192218,718.4175730762091,4455.082522209826,31.69695964478643,12.876676025244194,51.74058098781934,18.80908468669485,8.803792501941533,88.82479230681268,9.3289950630586,8.725620942605515,13.354248365727406,4.9561651821065755,353.1009198886656,0.008878543051234228,58.064191021920315,57.814403227703885,54.288886058489396,37.345981603979254,38.52855156559495,39.165624154282405,42.562992587716124,63.81552978975351,0
5144.946240419933,3886.271945787814,691.5683504328764,4405.710066069771,28.319746431475913,10.743134132600366,45.58708951181805,16.53876501414819,9.644077688963176,85.48546731892596,10.168421575458968,9.651075785159271,26.987654865911875,15.91643835840042,624.0671030289091,2.5363006924977722,52.669338308805976,58.961166319110696,58.01477876182162,68.44338261762178,29.704247263667902,62.18556054477351,69.19360287317863,50.04185743041547,0
3047.6732522665616,1497.7255813157803,554.1081540012095,2675.459633266987,21.82596509624909,7.745340660866272,29.308260678626148,11.647702885723294,7.916451965750066,88.7814903113108,9.263315890935507,8.081285652426297,30.317495329474465,16.503918196085408,674.7954095510613,2.932625498068158,53.4848178672985,39.94836196065948,44.83565886839645,47.13904098543811,61.919534716779594,56.163693941633625,54.20069695966831,37.507860691568624,1
5749.449916196997,3373.147253577412,681.467907059019,4251.307726413917,27.568477765857168,11.885301769045485,48.99791861920066,17.084246248188368,5.331760659884066,45.87024687254874,5.281806780438693,4.415502532258761,40.061083595774086,19.658014363945714,794.8283345139324,3.9037415385338137,48.02384427397571,54.83658622624708,18.818170057037914,36.97719957340314,48.64152711770054,37.31571293622732,45.40069590619787,29.675657312043203,0
4174.554299344258,2282.684986589692,623.4888625674479,3260.1113344698797,28.807047809339178,10.919583786776899,46.875492241934474,17.015938785089812,6.913169511870173,63.70576361973313,6.313390261787612,5.785526133896692,30.219529456843237,14.917261503406934,688.2137460980773,3.1608250021509194,49.433765058087644,61.92950084972978,60.98306898572891,49.22922584488937,43.932675901749086,64.19735495789593,60.23318569495387,49.987769950964704,1
5219.280466476607,3250.5606163781176,646.4669773130839,4195.81585196926,35.74746852133868,15.817413557938085,54.0629023575578,21.78744072318174,6.197933491054823,71.40394887428873,7.192445533993447,7.0216986653199704,29.57396577898852,15.84704668231262,594.840947545379,2.870700845480173,34.108050941049946,56.79314922404701,55.44206068554747,55.47693911955124,66.27856588695937,50.98371655252645,43.36847665934607,64.84907576556631,0
5347.857265114176,2951.2592339700604,638.5928575145941,4055.33918739649,24.582977684398937,8.41423727299242,35.37857011277231,13.729394159300945,3.981765333718607,45.35891215060051,5.017999312520209,5.160273403318829,18.236567349094713,8.245742259106256,364.2624492361249,1.2160147725696246,45.15538487384653,38.43345784883387,67.36991338324617,57.013795342737566,72.00236170400254,46.72568432592781,53.13334458335432,47.14771585445992,1
3380.7094203718534,1414.803800446583,542.8664700977305,2538.9542857006745,16.101587110326644,4.627013383491523,24.42490836358688,9.45496999266989,5.381503314221205,60.73774138623954,6.749024194771174,6.2490050614758,29.037257484593717,14.43455851134501,575.9781576232106,2.337218147280713,42.176723463337254,34.452942148999455,55.41115065692023,65.57695475733678,50.52311340861278,51.63010091714904,37.00360382944092,41.01955196076243,1
4705.952199427113,2586.8894873096046,627.2776303046134,4156.926934646445,19.639016548301996,6.156189839849761,32.23479092892575,13.018448546337567,5.871714352592842,57.4833787753213,4.974426590392259,5.934010430479282,30.576786012897163,14.268843616313493,656.7812658713352,2.917018791981656,62.475695164887725,41.968465952741894,48.72473182256787,56.36326256043329,53.41178831512068,49.21084957129227,47.35312865922512,57.887653265823495,1
4368.022418281753,2849.775929209284,649.4081309885762,3451.9970008558,35.46516977293096,14.58291611733066,55.72808556199322,20.43369033764644,3.6965469018622015,44.244248087282806,4.762261127690548,4.143259429995377,16.425283080749786,8.411385772017487,332.7285376295121,0.8016782625867584,47.711486085508845,55.46704978047501,45.594539903154455,50.16247388855258,76.57649184805057,61.79919688987399,53.86842106211322,46.66925860142564,1
5978.285930101565,3845.190168417236,690.7298282154645,4453.272199248415,21.76760504287469,7.185485553041115,35.56071010526881,11.786083063785794,6.826123323558327,77.68386342395758,8.735650228059475,7.656778371678367,19.675844536052523,7.878705931970819,395.5105684296264,0.570120862361059,51.906313800532494,48.14554478628431,44.349879889374776,73.20136687974835,44.13584707368123,55.907275841167845,53.84397949704552,48.409252936967064,1
3655.457074021613,1977.2517810584234,587.3360172908451,3034.6018222332154,11.60282251549649,3.3578271562176556,19.51513462123959,5.616285062295125,7.347987835908542,66.8268010242804,8.111948572472786,6.321465779297272,22.144939870117263,12.347457043354025,431.3835617889323,2.1446098222071495,34.10175593718531,52.78155652394761,52.15838040328058,70.99042474509756,62.296049699409586,41.261731576642475,41.933612631684724,52.70615839337406,1
5650.06560136366,3764.385309049582,705.35820219507,4379.644970795493,19.041280609634917,8.484469133928991,34.49360193732513,12.92464142639868,6.140924009208098,51.13489436826877,6.982524237431831,5.429424154172855,25.971590394221877,10.9561104793842,483.9929317587285,2.6093020467704866,51.599657875832825,37.37069694413975,32.27546517851258,39.453467859505984,60.042906351081626,44.79752332331982,42.72573759861609,46.632462859721976,1
4454.1852245909095,2807.297568297922,605.4851418401438,3084.607083386525,25.28926787879798,11.668879682166237,41.374178140999234,16.375637382516736,5.60204511332831,55.67637362012309,6.285103391262776,5.4652160641329655,1.2028368418350235,-0.7357804558058674,127.6476399660861,-1.167758864041481,66.0947136040046,58.31781439345173,39.1850695748271,60.57860878320896,44.59063977417275,57.82225531972702,32.92492637720352,56.610546921718566,1
4838.08206903413,2502.1032885840896,635.2660423493945,3729.1641117602867,31.618298124565197,13.803177720118788,47.59313046643011,18.98673042295796,6.19941479412448,67.88031339219125,6.45191566177084,6.341329372716414,24.11139993335185,11.699179636338624,538.7717326209528,2.2238866876685943,52.53494552821492,42.680259162558585,58.76253231500038,44.82933081837778,40.54113817510385,43.9563110571615,29.150903206417652,58.03743824198682,0
4258.566013978697,2539.291554776649,625.8596744800145,3276.893674493431,18.62922271495285,6.531617664282394,26.543360671678442,11.191152481633354,6.205619357492744,61.72598779266924,6.8703075694947975,6.641094628585768,27.292902426012688,13.48736830896659,566.7667521399383,1.9644676910376437,59.64306035842649,61.288713579015415,29.92338439873916,65.83986746614463,42.63129549699888,40.3498409075458,48.035409384576745,48.95085475124534,0
6320.409534099438,4396.627710988666,749.8678205291098,5007.334919668179,28.01308429732201,12.926066795055743,45.73400247379829,17.95847399200593,5.959640007485114,65.22050133176263,6.916265729736077,5.928967416614592,20.789828088721386,10.148146564456557,484.52009505083237,2.1243096455101718,47.73888367328065,49.730790389375,34.71281822642532,41.30250719567653,51.711991548976044,26.20771261433376,61.618104525130434,44.315126257586996,1
5695.551562593143,3720.362200094892,655.4568247868807,4517.2389539417045,28.38482539924966,12.57434228879061,50.215228556302755,18.753458357408494,6.608688633015483,72.52526223390458,7.594488259663391,6.6651503974842665,25.2018422467359,12.356061158333203,527.2110674825063,2.2235348462355033,44.73604930701847,20.166953591616682,44.395279005648476,53.814139468028536,53.79262443154163,58.469629523724265,55.11001627841274,52.959232085021085,0
7420.710161708967,4792.730247481883,789.6791636023488,5711.380240556918,20.144044477055736,7.670253944076343,34.13350437733937,12.414075913631446,6.595638741097755,64.33685763494503,6.643537074851906,6.24363279502808,27.425346114540037,14.074311450856062,549.1666741654996,2.650528251644215,60.464666001157866,47.99002839651893,46.21802948904387,66.703126183167,76.40115619989436,50.08675879611841,56.18037921898083,24.52238823543849,0
5245.887670000067,3809.5274392959495,688.503104626423,4478.699050641396,24.646506291581098,10.377889995324031,38.74672513506735,15.475110300284522,8.12694572044259,76.64105492615676,7.723264192521137,7.4818910292039496,16.24692035709032,7.727766435804421,316.3337883660738,1.073626012074231,46.36379667355449,41.21541658297676,50.98417446594711,54.210970528946326,40.08636920320589,47.925959250867855,50.48098490298465,45.62648143898436,1
5807.234249925527,3851.0454181983396,692.3195820940258,4411.614412966848,37.22051134412257,14.560172279190686,54.17052241525842,22.895126558511784,8.39156269045012,81.97369672545464,8.849392541203333,7.709683685553568,28.59306138657154,12.795440527767967,544.6877268992425,2.6087868706237813,40.40405410350591,41.519832791665095,58.811007263697995,61.836241790583905,52.30071045399551,41.19319324832526,50.12796457192005,44.25290043651937,0
6188.9576510046245,3673.6115792169962,686.8855580546979,4369.261848480118,35.34186651269689,15.334018714786454,57.746685506010856,21.239798734421782,7.5790412414904385,76.8194357704263,7.902288810879541,7.935821709134482,19.826253641277518,10.508043560766176,518.8908875412748,1.5020453219980268,49.84872091942024,48.37569348179482,53.169770566420176,43.758401172338424,42.4858974988079,44.457635844281285,49.96310677622674,57.080899573244764,0
4644.150515942084,2467.6123116732783,617.7925650644858,3520.896013569829,30.697707278408018,12.645315982712283,43.3395911054827,21.18540398826866,4.953411294719282,57.12741701147845,6.825369075367861,6.461190524170823,19.102386339572675,7.061434597307695,362.8102140808631,1.0469114568811848,47.02136965047635,60.68796291410936,56.235932996435274,38.3521916812993,59.04395139390576,49.63865497646678,67.15984288426603,39.14834291887548,1
4744.162671212075,3029.139685518906,652.5970244706153,4134.466436580067,26.706009851876452,11.757925486413177,42.76467302737563,14.847306986378538,6.264302278228556,65.03162863742345,6.434354764511803,5.163683190444451,28.099460803291183,13.632351118388467,479.3711301813614,2.2774744863614247,61.37811066071899,58.43956492029663,44.40160890402871,39.00718352787572,54.67247348655425,38.65923436237823,47.076075385752354,60.53105626641741,0
6044.083803227105,4320.332697477764,729.0246668494774,5021.121119046421,31.662144124927753,12.470589788376266,48.68911838643672,18.12270721293683,7.651265318987828,80.72266654746211,8.507338331175992,8.288651309850447,37.71617441860967,18.331155348783323,700.2772609515882,4.002537763880423,58.10008872492845,63.95025070858204,50.51346154680667,56.98585328810966,37.255582298969486,50.99760447912173,62.473583363288164,48.44072144439876,0
4123.499843328161,2912.174458098671,649.7479619021691,3937.0759044935116,21.9600084208759,8.508739648043928,38.28364470040052,15.641851297752925,5.501565103091475,68.69551487492657,7.421746332009528,6.759484808317069,13.688517927175608,7.017900217429833,258.4924559768737,0.1658958851748961,36.46905978933901,49.932246775825185,43.13980596937782,44.32336272837114,45.95058588820113,67.12136843645439,36.28828035313399,53.91769404753917,1
4969.988110212053,3696.0003743764823,676.2169298223299,4328.384270343763,25.904450996537026,9.396905759358402,36.74464164157669,14.872764823755412,7.575031204769537,72.71232319494061,7.771506806246208,7.073404962343537,10.882747374818635,7.822342510139444,225.09595254202821,0.47942524503366335,55.96145533701782,31.263583560430707,49.1286985834183,65.61577021142317,51.07652963111624,44.78652109325806,39.66907180055878,62.776176507763445,1
5385.854133353801,2936.7722553651206,640.3125157701265,4206.656932086062,20.84459709754388,7.195150616203245,34.07777402283363,11.32454731091649,3.1347565228754495,18.417402473783056,3.829548268409951,3.1602103712312917,9.357093946682015,6.703015500485174,265.5630015833783,0.33183951665267963,37.50340098530885,44.37234251045543,56.069824847317776,47.437148778814986,57.724709841403794,50.15863809223,49.69062160955483,51.37582810009538,1
5530.774820300896,3659.8493287631286,672.3807175310247,4270.968503481501,27.443224755781454,10.05501508124892,39.78660637189004,15.29048666372218,2.678330631401988,28.168551310377843,2.7472195751047646,3.0991365229122723,39.22419078119854,20.381644800718746,748.2216210710154,4.195854421151018,52.65106003060891,40.897226649393204,55.25509986692726,64.38626755620962,55.81325167931958,65.82376041959137,35.46549607224114,43.754175468899255,0
4456.119370393721,2645.925380643922,643.5471567360433,3988.494720308068,23.542644479114536,9.4441824899819,37.68819527321614,15.483356003931922,7.651165669777519,75.74145782411752,7.4193224041791925,7.85136129650338,23.897723495771427,10.80815592332345,416.7560383554078,2.307767177810575,56.5562757814982,43.08332247516119,31.277969573852417,54.3415162557965,57.26311168371752,51.00971401049199,65.87751560633714,52.68986771983344,0
4717.691928503084,3087.820905748453,631.4568401779924,4043.362150311586,41.88480636936747,18.681345351816937,66.17343837551638,25.662722379918932,7.605006851763184,66.49176285039066,8.007695856358968,6.824446787983292,24.197536672482666,14.24671392470202,552.3930697806404,2.187826451011148,45.68726366133109,76.6083267828868,38.80182574768037,39.91860005954307,50.77435634331381,65.71909531038455,52.80323757751814,52.91410670256441,0
5190.235416271725,3258.039782517237,666.4692780350423,4576.814017685895,22.37135311127917,9.99653104757168,38.058792553523986,13.558497391884131,9.360470725896775,101.8004964868538,10.488557503485026,9.61958971230871,19.21399771446995,9.071726006654991,458.35481034496485,0.970704858398673,45.60362266834198,57.95598883370039,70.18205784602591,51.3860021312394,56.57020477685592,60.22536751421542,54.69859621561879,69.13918811503648,0
5065.87118931482,2983.3283044902105,663.5768293226853,4189.267379128263,33.05155829442284,13.998266872247473,50.05109587935472,18.949210871497584,8.230425090212883,83.29061382403249,8.274218508584104,7.636255168636076,18.78386634721627,7.949273669934416,375.037885621349,1.0622348059904874,58.49431100203775,40.283869873924004,29.724793592365934,55.79640161283672,51.37510588863691,59.305957910278735,45.91407515167525,49.31062473041152,0
4132.323152609957,2045.7778403985117,618.871346173239,3460.269322559789,32.75670267182807,13.082479347350397,50.318249812519134,19.35622350373268,7.390490165019138,71.74585981722866,7.431326731783709,7.52600932426506,9.143598931287423,5.314121937032479,275.1992381701103,-0.4566688620896928,47.84704360313558,61.90303191768339,50.89925248453535,55.82905006367363,60.316225467426804,48.35862549716787,55.46175094932477,59.14741224405702,1
5612.392939863602,3579.285771676618,707.81307404558,4604.031289010725,25.018065166033573,10.399153296513774,40.20219950085216,13.396189096698357,7.3086710616945885,68.74367587028965,8.570197618120062,7.120312270707756,22.33305769359186,13.142826367574656,507.05179036739025,1.8321223422412491,39.60716089086508,47.01395659103789,38.50442892200854,49.85255664349132,56.429872962452656,45.46075975654812,44.135262892090815,63.25224190272685,0
3991.782574356294,2050.184983552096,601.4314465122761,3125.4586940494346,31.81410689473395,12.227965162045798,48.0752836142278,20.99790031219568,4.8996606314631,48.55197862360172,4.510847277402409,4.0121028958831,23.0417430298802,12.742765476150101,536.0529950034771,2.1346436948920693,67.186962761219,36.48383841001511,48.070354327842075,62.07172311437181,41.80019345669667,63.3311215295882,64.0336072208615,61.022758635749156,1
4306.706716870992,2403.5484119020857,577.472007318564,2839.240523488565,13.022690433306874,3.2940383646274194,19.7643378980536,6.641744409110747,9.524369406223167,84.24064317653325,8.652492412998026,8.4165022320319,8.653788951250089,4.591388667313193,275.4244630904644,-0.32127231628281666,59.64421913491807,61.68671721911576,44.362012208875186,60.49195909824924,50.15138977989595,51.48397964885286,63.743858804024576,47.781443663208876,1
3702.6322197659365,2182.5069225635166,590.3975774292873,3055.8354965679687,24.80575379837776,11.021801036215656,40.09208758180233,16.024444554793693,6.125725030163091,53.2776138322635,6.3483443226488285,5.915258357534014,14.930497718129976,10.045228977739994,366.5979576257404,1.3815638315578003,55.62175868575575,45.20124239930099,50.91190171546236,60.41786701249639,42.978829853301335,48.96158161978233,44.02883818610182,38.4262864394143,1
5733.874540394794,3540.311091805214,693.6675422403383,4671.771688370728,31.148466582069933,12.052499497803673,48.41799287522711,17.833132241336997,7.603611996464426,76.42504869465986,7.994699376732993,7.495496856397885,15.697731028509551,9.210464994395611,428.7568251899161,1.4310211404010473,54.35631438361226,51.251754632080086,39.117981402147855,43.046940421424544,49.45474924636637,28.138508776813083,42.20968719047608,60.6089699028305,0
4975.169440097823,2636.784065690099,633.6601648602685,3942.89320953656,10.156458236010696,3.8771459503715513,17.843496647254867,6.617035767529759,7.081518983481971,75.40230082227356,7.525746598072556,8.240984048590287,23.00877230109616,12.36474494503507,389.54320780788805,1.2294829464589268,61.098506811398245,72.97947586876235,60.69816005356417,29.57684707408533,56.32208532751331,48.686868172964,35.80604724701064,67.141567568926,0
3757.2038600210726,2264.401420118984,599.1252231940119,3194.728060615963,17.36972083340977,8.110743783436458,34.912977652757846,8.648752532670539,7.6395666801712965,77.30894234983361,8.429876573545586,7.50572427628951,23.705631900022226,12.04394595506468,546.2741881200412,2.223773404964506,51.79438222393547,39.81102003455862,72.14031794252988,56.71418811334594,51.619457051411004,75.08985358156089,36.31521518476832,56.81382488428134,1
3828.549281358773,2093.7199453421563,573.8450082052964,3232.952202127415,31.516388415549415,14.474578246353659,45.013129913915535,19.788438060920083,8.515701967193621,88.37540068146293,9.023473497213965,8.257700954873398,33.21970090684627,16.034204240682797,641.7343025127251,3.0262162436805085,58.839022263591254,60.36014978888925,25.615666296421125,42.49195493475898,49.557467247174245,56.59696850921492,63.592506059713465,62.06126257309242,0
5283.737555156111,3379.504365443863,633.6877242024159,4652.991750192187,24.094642372344666,9.584382829311593,39.08881109328878,14.782216915611368,6.360507607962257,57.583164994792114,6.800391567549473,7.007351404632163,33.45107569738723,18.52982694794056,687.4493395674585,3.459976247887086,54.25470579064266,46.83850800624021,41.739324662168606,45.41147872830262,44.62036545624452,68.05202508603556,58.901622466968625,51.93584033975355,0
4092.924364820873,2355.7798157311117,607.3389885183379,3160.8614373253067,16.152243931303445,7.516015599644996,29.94234427747995,9.989826213237771,6.324463447878615,61.160650346355915,6.123568995633648,6.364720504102674,33.090202116866614,16.24993332497414,590.7803696647817,3.2324328079828124,44.2583524865893,38.8250619010417,34.97255684156733,48.383650117104125,65.46292429749047,52.6568522790368,66.87066448670186,58.90209460409325,1
3785.845030902391,2052.6438347689377,586.2608295402922,3276.121006407217,20.327168112576295,8.443765608779191,39.33897532737533,12.386754094370595,5.583606256853883,58.18801895126622,6.495014638472172,5.567312343558251,30.81932228693855,17.5872506571783,658.0966331453193,3.4906038344941845,61.636535020494435,47.44550274911187,51.41515710799055,54.10236345181197,50.78259955202055,36.366663802672754,56.417639556926254,63.82796394009142,1
5329.169714688059,3356.53491777869,686.5761251410311,4328.253954108231,22.090024078350496,8.698422656566073,30.929682826652837,13.441903163429107,6.769982499275204,61.43801486925843,6.972780403872189,5.482804011202234,13.709922827402348,8.660326439168259,360.6195324209477,0.8494081237281565,52.796519137452705,51.70254029246349,64.27336743174817,33.227809570706086,41.05837504059075,51.84300547486618,60.14479538907006,50.77480391911804,1
4001.210644922908,1629.4239224641706,574.030248257226,3145.2182230514786,29.292752189806123,12.545552065488847,49.49176365799194,17.13131095268935,10.312944904144967,97.83816595411494,10.235709967853277,9.936981174659756,17.013906947579706,9.509901867693355,445.73565885294073,1.151574829058118,43.02398513173406,51.83968845779812,64.15295692203546,49.513883578775506,45.946456983086264,68.1760246313383,58.07953583305523,62.96933037703873,0
4410.5026429444915,2682.5344395223888,627.7774191388753,3866.4108570961903,24.4523586057997,11.431797211485677,40.50552864421061,15.840835046046628,6.609053486719991,60.669004850118895,7.296860061715488,6.872318072287567,32.61298951334586,18.419862632407835,690.7830035421928,3.69505344246797,46.68814756844024,34.576508151027326,63.43631829848154,64.55972083217709,60.155236337166365,52.25411333995476,46.515886541206065,50.45754452492611,0
4554.80117660709,2633.336275094216,657.28064124977,4169.55254102616,20.584704616568747,9.280608749346989,39.122645399531415,13.881347515292624,8.884358126936645,91.84111818725593,9.54135577995394,9.764718360519925,32.21378672232443,12.532090740782852,574.1214283766809,2.278656339509095,27.14617718385931,58.3525947004991,52.48316109797246,36.17898639423363,70.94746340057759,47.564021658677284,53.45056530398554,41.69391939848744,0
4088.0772663325697,2620.3319275237236,626.4545348160683,3594.816400267527,19.796982918391752,7.823247590871149,35.20382673753299,11.111426753772909,7.835731481250941,83.73423731844971,8.809713164776142,7.8593763297170005,24.612075388170947,11.329200579210646,545.9553608971772,2.4016005326386956,34.463668883212094,41.427982048498976,44.63627809037252,47.888039063720285,63.427225470218104,48.74547559744251,60.906347542155174,54.697168851708085,0
5139.987466102612,3038.134011872858,665.5178329541952,3765.722999265151,25.236861725268547,8.193776454275602,39.49538646981507,14.656851735480052,7.68049244084561,84.53701650532312,8.85928433321047,8.640282718525858,9.337474215460357,3.284540810268534,238.38456950325164,-0.20510142108648496,36.51853037319645,53.04223649598636,61.52619226776356,65.44226749927853,47.40146440580385,38.72659232530792,52.95818906431923,49.25031677335526,0
5767.208551553304,3779.846640481638,726.0688482980723,5234.838273953684,33.322914517713116,14.301508744691361,49.97087055760063,22.5956156264058,8.338801022993001,83.26857607924424,8.462984691895471,8.921490501694835,11.451853327777924,2.9840116995430135,230.73981617244908,0.1093068804106026,57.95699077716433,52.00908476888269,44.076495900451086,59.27286070112399,59.27308379056434,46.932170885760094,41.91360591224654,55.3586910170338,0
4647.453698815344,2560.5345278852237,609.5534635543738,3676.9801588970176,28.773871822274945,11.300935770823326,40.985402458618,15.931387560714269,5.298598404513839,50.501364249826665,5.465125486988799,5.704756166809153,29.101130608437785,15.64576066464129,580.1337917798447,2.5106551134384247,57.62464164338883,44.40960446983748,42.32069283257937,57.10650063014264,34.103272116558756,51.84083572821275,41.694063291415354,56.50511078249153,1
4035.6422560487144,1919.26895514196,590.7577034250946,3275.3361291355995,30.781271004855842,13.62145335167339,45.898218169054466,18.59715950024619,7.584301092704883,70.75831644086075,7.480641484171515,7.597712339578502,28.3413877068433,13.490061082167779,531.6749165770951,2.7188086796752486,62.402787965005885,55.946523938945745,50.894114899566695,52.433511922667584,59.028159471775716,60.07245404125291,81.17378593328638,49.101081705891716,1
3550.2674926148616,1957.5650939137852,539.8378475408502,2894.319424744104,27.993565119623486,10.134036347904916,36.65177634244041,13.242310768524819,9.072307222287412,95.8994754878896,10.48446575644235,8.789367000267223,21.96642936397109,12.453356723484793,420.8926758156638,1.7651681693302916,55.089648511533284,42.782203261400994,37.79767639641573,36.530077372625456,48.45201255267769,58.182204025396146,42.88954785964293,54.96702403480415,1
4771.690448765552,2936.711159246177,642.6725516892492,4006.4683454780597,14.943537858867417,6.173362032396674,23.357929936512924,9.950706277241885,5.858709598138847,56.40859893283245,6.090185450078096,5.9709290948311535,19.417714911834693,9.621827225786653,403.4541691416444,1.4236241765427236,68.09657988871105,40.502226438594604,48.306428507532964,52.02816381396881,53.37981636095592,39.436803298666206,44.93246698103661,46.43546881400058,1
4544.822259926517,2292.418665486051,603.3335395441251,3705.17326003041,20.71177977574268,8.589429412182112,28.94779302813204,11.877215593556137,6.076455168616714,62.84781090398159,7.507028056369958,6.670737015735484,8.211466223716815,6.033236083070398,255.05401526234934,0.21996773555340743,46.277626746452796,35.75144407596767,40.793621724196605,41.27750915491269,38.43872289103821,31.1530247798827,52.20491346683402,58.9941532058742,1
5260.170992965222,3306.257269207086,659.766625176468,4161.669589469245,30.683546638553143,12.46602164816985,47.778056815084796,17.441833520864392,5.386707393159676,56.806823883975504,6.906124245995403,5.103665115317384,27.35390719260492,15.075031441842055,462.8465998600015,2.5547545185643545,43.19928173140722,31.320275144709314,51.213523946656906,52.15671455972027,54.501473161723425,46.94217111296538,50.7538222919274,41.76095035992126,1
4432.55867028084,2715.1351006847544,633.5989492745967,3375.6445184462855,23.617632266459758,10.288179427824403,42.908406637040805,16.28451102244086,7.17471615708544,78.94268198175072,8.835034144821764,7.7796696957544516,33.26748706659974,15.97329878845472,596.8672936795892,2.6649429204490245,41.43255750883033,42.973678013108156,59.92047907214145,43.19515501915318,38.001158770631854,42.817807543248,61.80668435089684,37.19987179605266,0
4245.102413152703,2564.4642831621854,614.1764377626471,3702.4546500043793,17.32468401075266,6.9631060429428935,33.07182203373963,13.814854416382484,5.560758631291347,58.63207023567993,5.612599925959039,5.217772073821365,35.8365596664428,18.46068359959452,698.5825057211035,3.5764397064843076,52.615134795419245,28.01605312165696,44.6551343250052,39.05506548773616,34.4007563281351,58.81693069311111,47.55000243823083,61.01052341523925,1
4667.186690616176,2330.2643008347554,610.4132896434774,3406.491489766066,15.657029395756316,3.9132694806321515,25.470059040222317,8.409456624463893,9.321811369681848,99.51018204259633,10.153802231495217,9.466897472440332,22.639676224704292,9.475968523185752,527.6532231286113,1.748442389719262,44.13508166555229,46.32164559829663,54.97215902906117,50.83934434266215,65.6221446858901,40.22886529533801,58.25278466640445,31.084892292822516,1
4306.817965290731,2708.392909961685,630.9842631783695,3634.285523865204,27.49140781289649,10.42730466573774,41.868711023178015,16.92640051105614,5.992144515975577,70.42576626490371,6.943190726346002,7.293059009341443,21.761833365938585,13.432738961954852,513.7594714087744,2.0313468394295913,41.42976199878728,44.52324882293179,59.880134205633155,61.605384019494764,38.324435496030176,56.50054861289376,52.47855263747277,48.066012908665115,1
5596.768063695003,3265.6837955136994,660.3235782368583,4477.453884346245,25.047114749468232,10.331646624545233,38.108785365445904,14.05674140375433,4.670716737948754,43.98970363212468,4.437976699161521,4.2868788967309595,15.737388083911084,7.544268292219864,359.66564297671135,0.8521907354433587,45.1803101238424,66.35512873392261,42.44851436875157,45.89699369204086,59.930764000648566,46.08966816917067,52.50342060423361,48.585236361777056,1
4787.403212510653,2781.2925537238957,657.0427485861114,3869.728083306796,20.04448492291718,7.382939866752215,37.399316050156955,14.445153829189177,9.836986661879488,98.32639568836146,10.149414343088523,8.918230487262608,33.757473885398,17.735396235342364,669.7367213098782,3.1409172092582853,52.042135668786464,38.289527481531564,49.50287699379038,52.76845202019053,45.09864902269817,61.804950669333635,49.8777808356775,58.939318010410844,0
4975.8493653201185,2844.6770720770273,651.9866204006073,4083.141693283461,21.08825171471767,8.210589718378236,34.96217037369059,13.179659602462046,8.981945787010387,81.59430847690246,10.331065809362736,7.540059867509598,35.8748536680126,18.310949328005726,719.9261851112112,3.659550546129065,37.58887716672214,61.36413082029114,46.60321399258367,58.13885485881163,49.60255272667685,50.97647229307204,42.95245241638028,48.16720890680003,0
6821.355687029286,4450.562943152817,752.2456968230191,5069.613088212359,26.5902688362509,11.476069363255528,40.632749211936584,15.365927149251368,7.988229695629281,75.17109916297804,8.303714120477046,8.065361486207376,22.06698918729362,10.000747999244668,458.0048348075496,1.3133931895377011,50.30540487090695,53.57976517124671,68.39406374155527,56.065249738371605,50.669469160792396,30.63575382501949,46.51927656499501,48.16185381152819,0
5741.204003326686,3019.1916575245987,674.3159406783046,4479.19007819585,25.948898510246142,11.037566724648848,39.67484040895664,15.97443314238763,7.960017401028409,86.13685411935052,9.163160789184417,7.749891904921016,25.68639142778511,11.93626460578861,568.7199206577194,1.6117381093654783,50.18350428798257,52.85042571155387,45.18395272760517,38.109906829419295,61.79684450317979,26.737577277893774,40.11277673868442,32.225807659165106,0
3234.144888038663,1388.1448142621266,533.308484577766,3194.2951629609165,31.343058644607087,13.230263182804087,48.970853798525965,18.004413080246476,6.353012419655595,66.60139253669267,7.279187226079799,6.079606736289321,23.407070954343002,13.266539389550712,487.22453348833966,2.047755623720628,67.0657994458911,43.568039127981905,51.465160196501465,45.250365788201734,55.01240457254147,53.39932280536237,47.20850303233131,59.99059049815019,1
6326.629844296192,4244.629958735452,722.1549752608719,5056.579091400496,30.833878481980715,11.224734799218451,45.78942994268381,18.72390483510941,6.949042449993316,69.72383794433219,7.94863993949979,5.673541034677212,23.68025844387337,9.880764469574153,418.9880233388122,1.85053223055954,51.82600040056966,41.61311491084655,36.12075439518936,54.45439644594255,41.878331780828944,40.01874241145853,52.79549290002896,39.77725605207418,0
5048.613910093307,3024.5500509892586,677.7632085840784,4328.251893482116,35.9088890033952,13.496823326648537,51.52210698736754,19.166330627144863,7.837668966644299,93.7007499459059,9.267273511309416,7.776425533735316,4.59087059443244,1.6562140005114487,166.91208005522103,-1.1794877421995331,37.44536838289168,46.629506297756606,40.92910722945844,51.10498443207812,45.50357719787246,59.97393951156862,53.8812454264843,49.943172498244074,0
4194.315954736869,2135.852666574135,593.5747757823739,3243.388691192154,29.78199501594232,12.834502574060611,50.507049765615335,18.25137539183765,7.789216744163367,93.74529604910248,9.075106640939783,7.951511427578714,19.931815581049964,11.083049835558954,484.9772316117295,1.2287654180541707,52.838033672543595,49.35752992584259,56.201841588896386,68.57843689156712,63.87960779220312,49.79130175958778,40.187563605438235,42.225646914173176,0
5918.215281488272,4261.620142794877,721.6964988229714,4608.155192409994,23.330706006202433,9.478610881956982,35.96959612601167,13.875558185765163,8.90382159012142,81.41802390161108,8.430381676233898,8.435276916350038,32.41356518966608,12.476437314270385,572.598331683019,2.3196888941820877,52.198420630440566,55.60226729706056,47.359942136145115,56.79482100106644,64.15108498327713,68.06912672819715,44.017631914564014,61.304494928816524,0
5023.190072252147,3104.2940395188275,650.1873851281105,3944.1651213784457,24.845684009580676,10.077275651093771,41.8997864051004,16.83689404619314,7.131740656556334,78.2037495789385,8.497253183135811,6.941989838383869,14.500010454204286,6.466944265510112,357.3279741171456,0.5480788962401124,37.67318076288642,44.70476156573357,57.687034782865666,41.957708483007195,45.92713575293425,49.86778658942933,48.17813582886806,40.74909030531989,1
4262.794440486351,2288.103251568895,613.9619285128271,3260.3583368292475,29.81605244184304,10.738334285884525,48.320285480822,18.92789766491827,6.2787335133593,59.53262902268334,7.080195279050595,5.848090192841776,21.700454932974992,8.207777923483206,429.1257020612814,0.8451677770325021,19.799747004380002,65.47465272453633,50.90050062659679,57.697633110980746,59.53863906273314,42.537775991644764,64.67629328937088,36.50934028051454,1
4296.672235386481,1986.6258660356584,631.4161812825519,3459.90180751184,21.374957271520053,9.513510597088874,32.554926618504965,14.350546664758943,6.976198785568936,71.78246702773677,7.417163739576904,6.6632387411128065,-3.8681597661290645,0.5431032073345379,24.51033119063296,-1.0357906589826562,57.750603525072954,66.69368626270264,76.46774367280986,62.13880392307232,49.94568119845996,29.91865957292893,53.58532904079077,62.98081865881622,1
4405.046292147565,1994.0596737232795,600.035323433494,2993.887795916475,28.9750291439928,10.642990373049791,41.278339344499074,16.656014606990237,9.234962816784305,79.68882039547219,9.674716977574475,8.407393893553166,35.51866090243215,18.053019419411505,673.0681016984686,3.350640484569732,48.383044785384484,25.169235726907356,47.87233563201761,57.421479919008696,60.71436198937103,55.00226310326916,55.158430195877806,43.44378222012908,0
5324.7766395502495,2692.7818786743924,677.7624267129971,4303.815680783286,30.71261241703259,12.667835368116354,51.52550273771328,20.31644998037371,8.003245643753903,89.21241477369827,9.44469645220332,9.441320298740674,27.549429874872214,13.83973364376839,534.7993312094854,2.3969358146926187,43.00698346905044,51.20014070709573,59.800443684223175,55.98860144492393,40.59588301876322,47.86078845051587,63.78911350339633,52.284537516949584,0
5995.036557415504,3337.2706399497415,692.9244853777819,4951.794004003902,17.932360431134367,6.615369803017875,30.955335955682482,12.731165448385186,5.984903088103601,60.81414957807593,7.016088450501774,4.890786898744239,24.571460200391368,11.897846820416886,472.0839439664444,1.7108309182573653,48.49164483533648,48.69942894459204,43.05533860180482,36.656782467055706,58.7403152786363,46.831141114961454,56.40727067529675,54.18886413748997,0
4377.179657611873,2875.4883286058925,639.3183655731608,3783.256830867703,16.353857607541173,5.886663674005264,25.37058419049513,7.720581912577636,6.789033531785983,71.80195719116868,6.737360862286468,5.66126989248696,23.12814229921857,14.30928840916838,475.61368718165824,1.9120890126402332,63.01753461942244,40.03213008082436,45.87267695569333,50.262550556614904,45.010599078298185,77.00314803673281,46.38949679413238,34.91396866768708,1
5537.029664020598,3201.6890287415968,684.0392199989129,4350.7852352492955,33.07363786593596,13.228666382497813,52.48390505993474,18.845723918588284,8.23200746669201,82.36266012550345,8.820233229335392,9.535371428757196,14.141004469185784,8.372809455848486,467.91787242098303,1.6290439341607013,67.66270837222815,22.959339016413175,34.896140505862576,56.827562212000444,37.802560742757066,57.97605411647373,68.21443631481652,60.030704692868554,0
6760.571560950928,4571.4019275793,762.1616510744267,5326.423161841954,27.44254612369695,10.091923212793606,38.82666287315075,13.087209886603347,8.371204718176601,86.99514697952326,8.112385885325509,8.238154404916262,21.7228206306953,13.857971726709888,546.7145528115033,1.9659224461498268,45.55487218512005,32.52603853058663,76.68841052854759,46.896033313340475,56.629244501923964,40.595919111890865,50.20975436408963,39.662925024083385,0
3970.55651507884,2692.764852857872,601.392115010776,3190.4795285577657,29.727064990773037,10.279333315878906,48.42513119121672,17.813399207535056,7.953123183829347,86.41799173530097,8.560584527319886,7.608964707786488,22.75843419790441,11.8331939382431,465.7080528467189,2.060410433025868,65.45525060749732,47.98583962697989,29.22179969532577,47.43827924779036,56.25381465700879,56.70513187776007,63.352537416617295,50.611222598415004,0
5667.738056967787,3238.850843882047,680.4985647184302,4220.427071536974,18.126913205761678,6.911379927827944,32.37111100574889,11.845456758931215,4.500605183677976,49.948988601374985,4.390330699469562,4.801818857126937,28.691252451142937,11.921284705674218,452.5054236119354,2.1095889414418316,49.70913009732822,56.78523798290158,51.47513349331147,55.35061946515366,35.61953920648499,34.50697463333505,55.559730790591544,54.35184523818985,1
4930.982778130621,2753.1886429320803,634.2250961841775,3741.670368799563,35.6825022732651,15.57881401955356,57.97702756719292,21.72288465035249,6.343239295549391,68.18853976276637,7.239548579139342,6.125638379072563,22.32377458980081,9.75833332606749,471.96531210514183,2.0740935558063565,50.26353839821028,54.372639051520785,45.84985720426217,44.35266017749077,27.418249850932476,43.51104292901448,57.85783224006341,49.131323357357424,0
3801.0991756886297,2202.808297663779,583.7067432830758,3228.7530160563447,30.425856608176456,10.823120279805252,44.416703979245455,18.40884834956321,5.415970328822249,73.81304289132335,7.029036357445188,5.9940243029077696,29.588009022540326,13.466992976319329,536.557373013873,2.158940677269814,49.2524737238836,55.01174072891054,58.284316244845826,41.813498976685615,49.304792193090606,58.580150648425345,64.47747223548862,41.08336651645374,0
3833.617860573647,2091.626822805287,609.2783817544638,3025.0621822183534,23.63722720881059,8.269526868898051,38.47568851821979,14.927661325685252,7.514488780885919,74.88217773352396,7.799253579668637,7.968235751375299,36.14956169977896,17.662393953783976,701.0168207712455,3.536714973920155,49.5665848338415,47.66563816839185,44.85206476611275,49.20689377075352,54.94310005519598,36.833034963954304,47.026882681807805,59.29705011165047,0
5334.082460999674,2774.523403051267,650.5910159372968,3798.585576346133,25.74676400805926,10.324091088654104,35.45971054913855,14.15779171224564,4.831167677551005,42.207968323154724,4.932692573067343,4.10017765452834,15.932864930093213,5.212029251256258,327.343205737925,0.4764602436473891,48.731027548978524,60.1149810099097,69.3193668980282,49.837300177400074,45.125510853995046,49.97757550161334,37.212022628331,41.11383130932317,1
5442.317632535261,3271.492101850473,689.3578510161786,4189.2659370861265,24.305444324833896,9.54268267471657,44.959645717529696,16.345469082403113,8.393058262195751,96.87444411950067,8.705678721283968,9.114898430265274,23.982487414830047,13.744418218002204,534.3637675603948,2.18409394201495,43.31428658718577,54.69516358956043,61.760981235029135,59.28800874747836,51.344654438344804,50.633691531562604,54.580390730692564,36.778763368844324,0
4745.107779106107,2802.812716424044,642.3900445905587,3670.3069363220816,26.865289466763958,11.031999100576167,37.99893536232449,12.11136301884816,7.178387789391423,78.75251827789934,8.058295568139801,7.078034971052004,20.884090155782392,8.72803127854349,426.5066629496169,1.7716973167797225,50.340766249230334,61.20000060553885,55.752525912541266,49.042629502853394,46.17486332041635,51.738952761512536,50.868082505071435,61.714395414423905,1
5022.1387917096545,2955.3984061009996,656.9723469973444,3968.817489284652,23.07823482028837,8.762492245728282,35.74184517251609,13.741029258900088,8.233911545944531,72.17636047632162,8.537831965879876,7.342627279826043,14.374798874645037,8.107984198778345,322.72607079042774,0.9831090737985825,40.04191913741101,48.59233442569025,55.455314229491506,39.115348894234046,44.887122371609514,40.196108015025956,48.75800688654748,62.30987813626359,1
5410.716094337587,3243.547956853158,676.7987381653157,4875.179346315209,19.78125738286238,4.553097642040941,30.033653138436023,10.968298215250586,5.270344498081844,52.314794922091075,5.835265496397069,4.38664145423414,5.077973853837944,1.4910821868805546,250.15736041782122,-0.6520834753404273,55.77201273896917,43.34403954726641,61.12016822276201,55.52996339015198,54.27751641738395,35.790691240637955,51.47387755362022,31.216335067231448,1
5348.603878152376,2930.69220666227,663.4048752102145,4173.538982590525,32.88060859039654,14.706835081833889,52.656705792185534,19.976141254052266,6.81081517581293,71.27410928515039,7.8764378960626855,6.643822900835426,30.820302725118008,15.109181491689528,632.1313292891905,2.552599876923395,43.67843037570912,34.59843916965489,54.91228573657024,42.72749399228336,62.64969490021235,49.849687629558616,35.66334313893035,47.79014879091275,0
6189.769874608828,3437.3935874774247,710.986489875856,4541.849697186072,25.572773590116725,10.292435333465905,38.695445980710076,16.22904292864753,9.778403278000745,86.59481654613016,9.604796054870471,8.932164322183079,15.725601185937183,8.549019594008795,367.51779505687426,1.0431614757022891,55.038848872130075,65.39734525223349,66.5976536043072,58.12692658266347,54.98660941881704,56.358557915826,51.13091077480498,49.875739600225145,0
5515.8382800735135,3345.101567956399,672.8555725868806,4408.812708493328,27.96618507648407,10.785170062715109,40.941506686014606,14.908714807560386,3.7326568509426483,40.99201505808749,5.8963412528513715,4.331934718156728,17.721708043934743,8.025106466653678,361.99777825199305,1.4926964064960668,48.92832123857355,44.1196339971918,59.52422589098395,44.91812514271578,47.17493844740056,39.97985145931775,48.332989636114505,21.591992754398216,1
5170.682789580271,3472.323154960332,696.172820683207,4542.414993187357,25.874576476063925,9.842864393110768,40.842523205226016,16.432247207529333,7.363341517233288,72.3031705126296,8.185180008319639,7.498075906822782,28.6361273205559,12.77699682908296,589.2006983802041,2.598508197542104,32.25072517574489,39.507859343979476,50.300358534809924,56.49245389190407,43.461548251802796,58.08414395927011,54.10966895765521,44.241054309375365,0
6582.014253860922,4543.815147661342,752.3441739164404,5637.987653132372,9.389271497414034,2.7360703694787456,20.64482980332477,7.574217018722706,8.15800639190099,76.13795781163883,8.978211035992826,8.145440852901547,14.787166096289036,6.871889521172616,379.25205129204636,1.1177367874800515,61.90789418880112,28.574892188529994,55.21690121667294,53.831597624490094,52.3434821773786,61.043096012226535,50.19628058845261,61.37115242160668,1
5452.8946839717755,3740.697077330101,687.6377562748728,4626.512886905833,28.641314354189085,12.372828165795298,47.20858092886692,16.85610841225665,5.747638091191902,61.6612928050035,6.884515025456633,6.175515048678089,21.65992484427329,11.470411121479463,460.78634616243716,1.8871361397302229,53.06217851706,55.628192976057846,52.936675260346185,48.74145540733518,28.28498685477525,53.24420599661624,47.47010213925474,39.80546113530353,0
5178.85471229009,3034.8866212336548,648.8550350627427,3980.205572950156,24.175748126210596,8.312835728161419,37.74241232817202,13.748071130135948,8.659737624137996,84.79033012771094,8.452226231003618,8.19095424044223,23.89718939768192,10.985673194406177,493.9756797012691,1.9833903692149497,49.45176991994393,36.17250125494501,62.82731049086839,37.980390274158324,51.37592637762854,60.26184854260637,57.52577354967762,63.009381009921334,0
5915.6590658757605,3733.585448960678,688.9216189404117,4467.165341782311,19.327256270166497,7.473122274504819,36.23684183873418,13.549298092603104,5.717390911070779,55.04908702115937,6.456915176634716,7.052383439700481,30.124184181730495,17.24262503290251,693.6279851439807,3.080028765513709,46.74746466921844,50.65381732650051,48.36032801653755,46.71706434936067,49.16640648954921,59.8632940033756,61.80703117458786,69.7376789472297,0
4690.469747237736,2317.7549970608807,617.7168314531697,3561.78037141951,27.10800081567798,10.958934817882144,41.67126158050768,16.172304680525208,8.986416305008058,88.14419816785609,9.821960227608828,9.227986653730266,34.052064429265435,16.466754021742492,650.1243277944073,3.1706670344788637,68.0497091340076,52.7951052295797,52.025022483079496,64.86469923470166,50.06405659411309,62.16808569436662,50.09176774914067,48.369944533747486,0
4775.317480179685,2869.7118764283277,627.5641646618134,3816.3307498711424,21.04440577242696,6.551485314803952,29.02361866527687,8.749145105995797,7.487810393258005,79.51706933087836,7.77059946655456,8.456265788343117,15.680039009133147,8.09817292144655,364.8705217461488,1.1644031671920907,47.659773699780814,64.24583845306823,38.30568671035536,52.59643286725626,47.56071354175571,52.77261493452533,42.351684103578854,42.56651774535583,1
5629.104146467063,3205.453954561473,689.8826484169638,4712.340035602721,27.24499384402195,13.586785489143757,50.32399130413404,16.77134575065513,7.89600400460696,67.83458273546194,7.582991775279398,7.321065287907976,31.806910283877347,15.25205132903924,653.2664577383317,3.321439081748988,59.68176084797081,42.79153659879741,57.77822869612159,62.317891430100474,48.266978968594756,53.04993003299461,44.052219851372186,50.58043870078042,0
5610.950767097009,3768.754158498353,674.0533354329779,4430.603986535646,20.660405325489975,7.496077141151731,34.64534072307972,11.925253454277362,10.682265343893096,101.23847696800144,11.162117664234025,10.751490301891618,24.706439618648563,10.655833412683872,559.4714374190244,1.893336924844281,52.11206711120904,30.50860038241749,53.48588841461458,51.37986213476369,35.72095130559084,53.61101701129419,62.82982341606824,35.4700466305577,0
6421.463796435046,3878.957549551822,748.4998499541214,5395.146194837577,21.016589551477992,6.918792603470464,32.51583469043353,12.401744670651697,7.993207487829767,84.97849572898593,8.330147984080734,8.360265798609984,23.96353442703738,12.74717850718216,501.68881983347467,2.443540603605428,36.78963940958701,58.66192192505508,44.352187542085865,50.782954555877986,56.77555469301869,62.19354982933233,34.04472449300686,62.81429307743036,0
4926.317048155681,2743.7876689842665,628.4297339270771,4289.114193913377,18.013686861276653,7.189886560847511,26.1663420561008,12.254363318669823,8.596097196909618,83.57306516902764,9.143596563600816,8.330189264511832,22.149365467851684,11.02151279938635,455.1901753169717,1.6103596371965438,57.28491483779004,52.56157052096823,68.26605042940662,40.98181715154947,47.04566021339226,45.02804126153211,50.96322275338647,54.95706978701674,1
3713.793236577003,1993.3306800836472,560.7453528134854,3196.508353887817,25.349736233866643,8.488553190060268,47.43692286185003,14.759349168462677,5.0732758282777555,49.911477802025566,5.028005326565711,5.073676823845236,29.439282649840866,14.28277277130337,601.2030839766754,3.0083106457371644,34.84871366132444,43.60825027152837,51.30348370453512,54.542944259665056,50.3863318215586,65.0718049176113,53.10739493354854,35.729536836931565,1
6776.535716190099,4461.107195287738,772.3057418999895,5397.241663399211,29.005113314989146,13.210596080640965,50.41933663803759,19.82525049374935,5.575900911150659,49.240712786326384,5.987097024836684,5.872509875869036,13.442447033351325,6.314429455147237,335.3684418105722,0.539372966341545,54.53700913931871,49.62892242666827,39.480068713179584,42.27519027817006,45.260925691045685,40.81678221876876,54.97463065318528,41.97737913219137,1
5711.312806915962,4261.599534119055,733.1677650623783,4459.847186167338,22.438452291296326,7.674511700575282,37.89147643018417,12.788739968382043,8.079223357653651,87.09045160770955,9.68989642503978,7.66460126578701,23.171415542353753,12.525364980512819,585.1335306826807,2.1744050883800026,54.137446226085856,68.84371788253058,62.55507552054937,42.34489521424942,35.47277694047909,69.85094562731712,30.20461720644825,46.75870573993718,0
4209.3800856452735,2181.4698836339926,589.4649392759759,3004.264748811741,17.860150668436276,5.29243278251172,26.778909527517506,8.303989188956473,8.638798905898975,81.44875143703896,9.196180373938375,7.988274223132625,33.59158142471725,15.456552636350343,679.9307140419207,3.484305648528312,52.37539886069956,50.54651186818943,49.244915051564924,61.11363386853171,56.42772469103621,56.710376106482684,52.22964895650687,60.888526355381295,0
6171.032257106332,3863.8291411144537,741.5936495947308,5030.18625012615,31.413499786565772,14.402649914800934,51.310905211582536,19.891033169423903,6.700904411918928,62.79898420163558,7.8464020500446425,6.622493401217916,19.867386384928324,10.93527417197328,375.8447650659673,2.0877141766153544,42.56442053353888,43.38258149594332,19.97656066469038,40.682487466841536,48.015740784058465,77.41076870067315,28.191697786186808,58.36169981870041,0
